clip,kind,start_s,end_s,duration_s,mean_root_speed_mps,loco_friendly
aiming1_subject1,stand->crouch,95.77,95.87,0.10,0.67,0
aiming1_subject4,stand->crouch,113.13,113.53,0.40,0.43,1
aiming1_subject4,crouch->stand,189.27,189.47,0.20,0.46,1
aiming2_subject2,stand->crouch,185.03,186.13,1.10,3.30,1
aiming2_subject2,crouch->stand,186.40,187.10,0.70,0.87,1
aiming2_subject2,crouch->stand,266.20,266.47,0.27,1.85,1
aiming2_subject3,stand->crouch,18.20,18.43,0.23,1.00,1
aiming2_subject3,crouch->stand,20.70,20.90,0.20,0.63,1
aiming2_subject3,stand->crouch,30.30,31.37,1.07,0.20,1
aiming2_subject3,crouch->stand,31.67,32.30,0.63,0.15,1
aiming2_subject3,crouch->stand,54.37,55.23,0.87,0.17,1
aiming2_subject3,stand->crouch,75.30,75.43,0.13,1.75,0
aiming2_subject3,crouch->stand,77.33,77.47,0.13,1.52,0
aiming2_subject3,stand->crouch,80.53,80.63,0.10,1.67,0
aiming2_subject3,crouch->stand,82.03,82.20,0.17,1.35,0
aiming2_subject3,stand->crouch,82.50,83.27,0.77,0.78,1
aiming2_subject3,crouch->stand,83.53,83.80,0.27,0.75,1
aiming2_subject3,stand->crouch,98.87,99.03,0.17,0.74,0
aiming2_subject3,stand->crouch,131.10,131.23,0.13,1.27,0
aiming2_subject3,crouch->stand,132.90,133.03,0.13,0.97,0
aiming2_subject3,stand->crouch,158.30,159.53,1.23,1.30,0
aiming2_subject3,crouch->stand,163.47,163.73,0.27,0.81,1
aiming2_subject3,crouch->stand,192.93,193.80,0.87,1.92,1
aiming2_subject3,stand->crouch,199.07,199.60,0.53,1.07,1
aiming2_subject3,crouch->stand,199.90,201.07,1.17,0.10,1
aiming2_subject3,stand->crouch,215.03,215.13,0.10,1.25,0
aiming2_subject3,crouch->stand,216.43,217.30,0.87,0.81,1
aiming2_subject3,stand->crouch,233.00,234.23,1.23,1.96,0
aiming2_subject3,crouch->stand,244.73,244.87,0.13,0.71,0
aiming2_subject3,crouch->stand,253.33,254.53,1.20,0.60,1
aiming2_subject3,stand->crouch,265.97,266.50,0.53,0.33,1
aiming2_subject3,crouch->stand,268.13,268.33,0.20,0.25,1
aiming2_subject3,stand->crouch,274.20,274.57,0.37,1.87,1
aiming2_subject3,crouch->stand,280.37,280.97,0.60,1.76,1
aiming2_subject3,stand->crouch,282.73,284.03,1.30,1.85,0
aiming2_subject3,crouch->stand,291.37,291.47,0.10,0.34,0
aiming2_subject5,stand->crouch,13.90,14.03,0.13,0.58,0
aiming2_subject5,crouch->stand,14.67,15.20,0.53,1.00,1
aiming2_subject5,stand->crouch,81.40,81.57,0.17,0.39,0
aiming2_subject5,crouch->stand,82.47,82.63,0.17,0.27,0
aiming2_subject5,stand->crouch,154.97,155.30,0.33,0.75,1
aiming2_subject5,crouch->stand,156.23,156.40,0.17,0.33,0
aiming2_subject5,stand->crouch,159.70,159.87,0.17,0.96,0
aiming2_subject5,crouch->stand,160.13,160.33,0.20,1.09,1
aiming2_subject5,stand->crouch,279.70,279.93,0.23,1.79,1
aiming2_subject5,crouch->stand,280.23,280.37,0.13,1.27,0
dance1_subject2,stand->crouch,22.10,22.60,0.50,0.31,0
dance1_subject2,crouch->stand,22.93,23.20,0.27,0.16,0
dance1_subject2,crouch->stand,29.67,29.80,0.13,0.68,0
dance1_subject2,stand->crouch,37.37,37.87,0.50,0.16,0
dance1_subject2,crouch->stand,38.47,38.57,0.10,0.43,0
dance1_subject2,stand->crouch,64.77,65.03,0.27,0.69,0
dance1_subject2,crouch->stand,65.40,65.60,0.20,0.90,0
dance1_subject2,stand->crouch,71.27,71.43,0.17,0.95,0
dance1_subject2,crouch->stand,72.40,72.60,0.20,0.40,0
dance1_subject2,stand->crouch,83.97,84.33,0.37,0.48,0
dance1_subject2,crouch->stand,85.53,86.23,0.70,0.87,0
dance1_subject2,stand->crouch,90.30,90.77,0.47,0.35,0
dance1_subject2,crouch->stand,91.07,91.20,0.13,0.57,0
dance1_subject2,stand->crouch,92.17,92.37,0.20,0.87,0
dance1_subject2,crouch->stand,92.97,93.13,0.17,0.45,0
dance1_subject3,stand->crouch,115.77,116.77,1.00,0.23,0
dance1_subject3,crouch->stand,117.03,117.23,0.20,0.58,0
dance2_subject1,stand->crouch,194.23,194.30,0.07,0.80,0
dance2_subject1,crouch->stand,195.27,195.67,0.40,1.33,0
dance2_subject2,crouch->stand,79.97,80.83,0.87,0.68,0
dance2_subject2,stand->crouch,83.07,83.40,0.33,0.77,0
dance2_subject2,crouch->stand,84.30,85.03,0.73,0.86,0
dance2_subject2,stand->crouch,144.17,145.03,0.87,0.93,0
dance2_subject2,crouch->stand,145.77,146.23,0.47,0.35,0
dance2_subject2,stand->crouch,159.00,160.03,1.03,0.35,0
dance2_subject2,crouch->stand,163.83,164.33,0.50,0.56,0
dance2_subject2,stand->crouch,165.37,166.60,1.23,0.48,0
dance2_subject2,crouch->stand,169.67,169.97,0.30,0.34,0
dance2_subject4,stand->crouch,133.30,134.13,0.83,0.70,0
dance2_subject4,crouch->stand,135.40,135.50,0.10,0.66,0
fallAndGetUp1_subject1,stand->crouch,5.00,5.17,0.17,1.06,0
fallAndGetUp1_subject1,stand->crouch,13.90,14.03,0.13,1.11,0
fallAndGetUp1_subject1,stand->crouch,21.07,21.20,0.13,1.21,0
fallAndGetUp1_subject1,crouch->stand,25.43,25.53,0.10,0.18,0
fallAndGetUp1_subject1,stand->crouch,33.03,33.23,0.20,1.04,0
fallAndGetUp1_subject1,crouch->stand,55.40,55.53,0.13,0.22,0
fallAndGetUp1_subject1,crouch->stand,72.57,72.70,0.13,0.65,0
fallAndGetUp1_subject1,stand->crouch,161.37,161.50,0.13,1.62,0
fallAndGetUp1_subject1,crouch->stand,164.53,164.67,0.13,0.43,0
fallAndGetUp1_subject4,stand->crouch,5.63,5.80,0.17,0.66,0
fallAndGetUp1_subject4,stand->crouch,17.30,17.83,0.53,3.89,0
fallAndGetUp1_subject4,stand->crouch,30.40,30.57,0.17,0.70,0
fallAndGetUp1_subject4,stand->crouch,55.93,56.17,0.23,0.70,0
fallAndGetUp1_subject4,crouch->stand,60.83,62.23,1.40,2.53,0
fallAndGetUp1_subject4,stand->crouch,84.17,84.67,0.50,0.60,0
fallAndGetUp1_subject4,crouch->stand,90.87,91.07,0.20,1.23,0
fallAndGetUp1_subject4,crouch->stand,102.33,102.60,0.27,1.25,0
fallAndGetUp1_subject4,crouch->stand,112.83,113.03,0.20,1.82,0
fallAndGetUp1_subject4,crouch->stand,142.40,142.60,0.20,0.17,0
fallAndGetUp1_subject4,stand->crouch,158.30,158.50,0.20,0.14,0
fallAndGetUp1_subject5,stand->crouch,15.30,15.53,0.23,2.67,0
fallAndGetUp1_subject5,crouch->stand,15.80,15.97,0.17,0.36,0
fallAndGetUp1_subject5,stand->crouch,19.90,20.10,0.20,1.47,0
fallAndGetUp1_subject5,crouch->stand,22.87,23.10,0.23,1.83,0
fallAndGetUp1_subject5,stand->crouch,23.73,23.90,0.17,3.24,0
fallAndGetUp1_subject5,stand->crouch,28.03,28.33,0.30,1.70,0
fallAndGetUp1_subject5,crouch->stand,28.83,30.10,1.27,0.57,0
fallAndGetUp1_subject5,stand->crouch,31.77,31.93,0.17,3.05,0
fallAndGetUp1_subject5,crouch->stand,57.83,58.00,0.17,0.14,0
fallAndGetUp1_subject5,crouch->stand,78.50,78.60,0.10,0.46,0
fallAndGetUp1_subject5,crouch->stand,86.00,86.13,0.13,0.35,0
fallAndGetUp1_subject5,crouch->stand,101.50,101.70,0.20,0.51,0
fallAndGetUp1_subject5,crouch->stand,117.83,118.00,0.17,1.34,0
fallAndGetUp1_subject5,crouch->stand,123.83,124.03,0.20,1.75,0
fallAndGetUp1_subject5,crouch->stand,132.23,132.37,0.13,0.27,0
fallAndGetUp1_subject5,crouch->stand,137.77,137.97,0.20,1.73,0
fallAndGetUp1_subject5,crouch->stand,150.93,151.40,0.47,0.98,0
fallAndGetUp1_subject5,crouch->stand,166.07,166.20,0.13,0.20,0
fallAndGetUp2_subject2,crouch->stand,33.30,33.43,0.13,0.35,0
fallAndGetUp2_subject2,stand->crouch,109.70,109.90,0.20,0.24,0
fallAndGetUp2_subject2,stand->crouch,136.90,137.70,0.80,1.67,0
fallAndGetUp2_subject2,stand->crouch,149.43,150.10,0.67,4.36,0
fallAndGetUp2_subject2,stand->crouch,155.93,156.40,0.47,2.41,0
fallAndGetUp2_subject3,crouch->stand,127.30,127.40,0.10,1.10,0
fallAndGetUp2_subject3,crouch->stand,159.23,159.60,0.37,0.89,0
fallAndGetUp3_subject1,crouch->stand,10.50,10.63,0.13,0.40,0
fightAndSports1_subject1,stand->crouch,19.13,19.40,0.27,0.89,0
fightAndSports1_subject1,crouch->stand,21.97,22.20,0.23,1.62,0
fightAndSports1_subject1,stand->crouch,23.93,24.03,0.10,0.74,0
fightAndSports1_subject1,crouch->stand,24.67,25.10,0.43,0.59,0
fightAndSports1_subject1,stand->crouch,44.43,44.57,0.13,2.23,0
fightAndSports1_subject1,crouch->stand,45.63,45.73,0.10,1.59,0
fightAndSports1_subject1,stand->crouch,47.40,47.53,0.13,2.27,0
fightAndSports1_subject1,crouch->stand,48.40,48.57,0.17,1.33,0
fightAndSports1_subject1,stand->crouch,50.33,50.47,0.13,2.10,0
fightAndSports1_subject1,crouch->stand,51.33,51.47,0.13,1.34,0
fightAndSports1_subject1,stand->crouch,137.10,137.80,0.70,0.33,0
fightAndSports1_subject1,crouch->stand,139.07,139.63,0.57,0.96,0
fightAndSports1_subject1,stand->crouch,203.23,203.37,0.13,1.02,0
fightAndSports1_subject1,crouch->stand,203.90,204.03,0.13,0.66,0
fightAndSports1_subject1,stand->crouch,206.47,206.63,0.17,1.26,0
fightAndSports1_subject1,crouch->stand,207.57,207.80,0.23,0.35,0
fightAndSports1_subject1,stand->crouch,228.70,229.37,0.67,1.00,0
fightAndSports1_subject1,crouch->stand,230.10,230.20,0.10,0.80,0
fightAndSports1_subject1,stand->crouch,231.07,231.20,0.13,1.93,0
fightAndSports1_subject1,crouch->stand,231.77,231.90,0.13,1.22,0
fightAndSports1_subject1,stand->crouch,232.87,233.70,0.83,1.71,0
fightAndSports1_subject1,crouch->stand,234.20,234.53,0.33,1.19,0
fightAndSports1_subject1,stand->crouch,235.43,235.60,0.17,1.91,0
fightAndSports1_subject1,crouch->stand,236.27,236.43,0.17,1.00,0
fightAndSports1_subject1,stand->crouch,237.40,237.87,0.47,1.59,0
fightAndSports1_subject1,crouch->stand,238.57,238.70,0.13,0.94,0
fightAndSports1_subject1,stand->crouch,239.07,239.60,0.53,2.03,0
fightAndSports1_subject1,crouch->stand,240.53,240.67,0.13,1.21,0
fightAndSports1_subject4,stand->crouch,5.87,6.07,0.20,0.55,0
fightAndSports1_subject4,crouch->stand,10.33,10.70,0.37,0.88,0
fightAndSports1_subject4,stand->crouch,11.00,11.20,0.20,1.33,0
fightAndSports1_subject4,crouch->stand,12.87,13.03,0.17,1.44,0
fightAndSports1_subject4,stand->crouch,13.53,13.73,0.20,0.65,0
fightAndSports1_subject4,stand->crouch,16.40,16.53,0.13,0.74,0
fightAndSports1_subject4,crouch->stand,18.30,18.50,0.20,1.44,0
fightAndSports1_subject4,stand->crouch,19.13,19.33,0.20,1.35,0
fightAndSports1_subject4,crouch->stand,20.77,21.30,0.53,1.00,0
fightAndSports1_subject4,stand->crouch,24.07,24.23,0.17,0.93,0
fightAndSports1_subject4,crouch->stand,25.13,25.47,0.33,1.08,0
fightAndSports1_subject4,stand->crouch,26.00,26.30,0.30,0.77,0
fightAndSports1_subject4,crouch->stand,26.87,27.37,0.50,0.30,0
fightAndSports1_subject4,stand->crouch,29.87,29.97,0.10,0.57,0
fightAndSports1_subject4,crouch->stand,30.33,30.47,0.13,0.83,0
fightAndSports1_subject4,stand->crouch,89.73,90.83,1.10,0.40,0
fightAndSports1_subject4,crouch->stand,92.07,92.13,0.07,1.35,0
fightAndSports1_subject4,stand->crouch,92.83,92.93,0.10,0.39,0
fightAndSports1_subject4,crouch->stand,93.40,93.50,0.10,0.25,0
fightAndSports1_subject4,stand->crouch,98.70,99.37,0.67,1.35,0
fightAndSports1_subject4,crouch->stand,99.77,99.93,0.17,1.44,0
fightAndSports1_subject4,stand->crouch,103.00,103.10,0.10,0.73,0
fightAndSports1_subject4,crouch->stand,103.43,103.57,0.13,0.77,0
fightAndSports1_subject4,stand->crouch,104.63,105.13,0.50,0.37,0
fightAndSports1_subject4,crouch->stand,105.50,105.63,0.13,1.05,0
fightAndSports1_subject4,stand->crouch,106.33,107.43,1.10,1.06,0
fightAndSports1_subject4,crouch->stand,107.77,107.93,0.17,1.20,0
fightAndSports1_subject4,stand->crouch,111.20,111.33,0.13,0.62,0
fightAndSports1_subject4,crouch->stand,114.67,115.37,0.70,1.66,0
fightAndSports1_subject4,stand->crouch,116.07,116.13,0.07,0.34,0
fightAndSports1_subject4,crouch->stand,116.47,116.63,0.17,0.28,0
fightAndSports1_subject4,stand->crouch,122.07,122.30,0.23,0.52,0
fightAndSports1_subject4,stand->crouch,125.27,126.13,0.87,0.58,0
fightAndSports1_subject4,crouch->stand,126.93,127.17,0.23,1.00,0
fightAndSports1_subject4,stand->crouch,127.67,127.77,0.10,1.27,0
fightAndSports1_subject4,crouch->stand,129.33,129.53,0.20,1.13,0
fightAndSports1_subject4,stand->crouch,147.27,147.40,0.13,1.26,0
fightAndSports1_subject4,crouch->stand,147.87,148.00,0.13,0.86,0
fightAndSports1_subject4,stand->crouch,149.53,149.67,0.13,1.06,0
fightAndSports1_subject4,crouch->stand,150.17,150.43,0.27,0.82,0
fightAndSports1_subject4,stand->crouch,171.13,171.33,0.20,1.11,0
fightAndSports1_subject4,crouch->stand,172.20,172.40,0.20,1.13,0
fightAndSports1_subject4,stand->crouch,177.87,178.03,0.17,1.17,0
fightAndSports1_subject4,crouch->stand,178.80,179.00,0.20,0.87,0
fightAndSports1_subject4,stand->crouch,184.47,184.67,0.20,1.64,0
fightAndSports1_subject4,crouch->stand,185.10,185.37,0.27,0.30,0
fightAndSports1_subject4,stand->crouch,190.63,190.83,0.20,1.21,0
fightAndSports1_subject4,crouch->stand,191.20,191.73,0.53,0.52,0
fightAndSports1_subject4,stand->crouch,217.17,217.37,0.20,0.45,0
fightAndSports1_subject4,crouch->stand,217.63,217.77,0.13,0.93,0
fightAndSports1_subject4,stand->crouch,224.27,224.40,0.13,1.59,0
fightAndSports1_subject4,crouch->stand,225.10,225.20,0.10,0.49,0
fightAndSports1_subject4,stand->crouch,229.63,230.00,0.37,1.86,0
fightAndSports1_subject4,crouch->stand,230.53,230.67,0.13,1.28,0
fightAndSports1_subject4,stand->crouch,232.47,232.57,0.10,1.72,0
fightAndSports1_subject4,crouch->stand,233.07,233.17,0.10,0.81,0
ground1_subject5,crouch->stand,19.20,19.50,0.30,1.17,1
ground1_subject5,crouch->stand,155.97,156.10,0.13,0.26,0
ground2_subject2,stand->crouch,6.07,6.20,0.13,0.11,0
ground2_subject2,crouch->stand,158.50,159.43,0.93,0.17,1
ground2_subject2,stand->crouch,175.57,175.77,0.20,0.18,1
jumps1_subject1,stand->crouch,58.30,58.40,0.10,1.24,0
jumps1_subject1,crouch->stand,58.73,58.83,0.10,0.52,0
jumps1_subject1,stand->crouch,224.43,224.50,0.07,1.89,0
jumps1_subject1,crouch->stand,224.77,224.87,0.10,0.58,0
jumps1_subject2,stand->crouch,134.80,134.93,0.13,1.23,0
jumps1_subject2,crouch->stand,135.30,135.50,0.20,1.08,0
jumps1_subject2,stand->crouch,135.93,136.10,0.17,1.33,0
jumps1_subject2,crouch->stand,136.37,136.53,0.17,1.13,0
jumps1_subject2,stand->crouch,137.03,137.17,0.13,1.47,0
jumps1_subject2,crouch->stand,137.43,137.60,0.17,1.04,0
jumps1_subject2,crouch->stand,242.17,242.37,0.20,0.20,0
multipleActions1_subject1,crouch->stand,28.07,28.20,0.13,0.23,0
multipleActions1_subject1,crouch->stand,37.17,37.30,0.13,0.14,0
multipleActions1_subject1,stand->crouch,120.43,120.53,0.10,3.18,0
multipleActions1_subject1,crouch->stand,120.83,121.00,0.17,2.05,0
multipleActions1_subject1,stand->crouch,132.63,132.70,0.07,3.03,0
multipleActions1_subject1,crouch->stand,133.20,133.33,0.13,0.75,0
multipleActions1_subject1,stand->crouch,145.43,145.50,0.07,2.89,0
multipleActions1_subject1,crouch->stand,145.93,146.07,0.13,1.89,0
multipleActions1_subject2,stand->crouch,120.73,120.90,0.17,2.90,0
multipleActions1_subject2,crouch->stand,121.43,121.93,0.50,1.06,1
multipleActions1_subject3,crouch->stand,15.47,15.63,0.17,1.89,0
multipleActions1_subject3,stand->crouch,25.27,25.43,0.17,0.55,0
multipleActions1_subject3,crouch->stand,26.37,26.57,0.20,0.38,1
multipleActions1_subject3,stand->crouch,45.40,46.23,0.83,3.03,1
multipleActions1_subject3,crouch->stand,47.33,47.97,0.63,1.59,1
multipleActions1_subject3,stand->crouch,49.87,51.00,1.13,2.92,1
multipleActions1_subject3,crouch->stand,51.43,52.03,0.60,2.27,1
multipleActions1_subject4,stand->crouch,8.67,9.33,0.67,0.48,1
multipleActions1_subject4,crouch->stand,10.43,10.77,0.33,0.44,1
multipleActions1_subject4,stand->crouch,16.10,16.97,0.87,0.41,1
multipleActions1_subject4,crouch->stand,17.50,17.80,0.30,0.31,1
multipleActions1_subject4,crouch->stand,27.87,28.20,0.33,0.28,1
multipleActions1_subject4,crouch->stand,37.13,37.27,0.13,0.30,0
multipleActions1_subject4,crouch->stand,49.93,50.10,0.17,0.70,0
multipleActions1_subject4,stand->crouch,77.10,77.37,0.27,0.66,1
multipleActions1_subject4,crouch->stand,78.60,78.77,0.17,0.57,0
multipleActions1_subject4,stand->crouch,79.90,80.07,0.17,0.93,0
multipleActions1_subject4,crouch->stand,81.07,81.33,0.27,0.39,1
multipleActions1_subject4,stand->crouch,82.87,83.10,0.23,0.91,1
multipleActions1_subject4,crouch->stand,84.03,84.20,0.17,0.57,0
multipleActions1_subject4,stand->crouch,85.30,85.50,0.20,1.10,1
multipleActions1_subject4,crouch->stand,86.13,86.30,0.17,0.59,0
multipleActions1_subject4,stand->crouch,91.23,91.37,0.13,0.49,0
multipleActions1_subject4,crouch->stand,91.87,92.03,0.17,1.45,0
multipleActions1_subject4,stand->crouch,103.07,103.20,0.13,0.64,0
multipleActions1_subject4,crouch->stand,104.27,104.40,0.13,0.89,0
multipleActions1_subject4,stand->crouch,105.43,105.57,0.13,0.93,0
multipleActions1_subject4,crouch->stand,106.40,106.57,0.17,0.93,0
multipleActions1_subject4,stand->crouch,107.77,107.93,0.17,0.82,0
multipleActions1_subject4,crouch->stand,108.77,108.90,0.13,0.66,0
multipleActions1_subject4,stand->crouch,110.13,110.23,0.10,0.92,0
multipleActions1_subject4,crouch->stand,110.93,111.13,0.20,0.55,1
multipleActions1_subject4,stand->crouch,115.03,115.17,0.13,0.56,0
multipleActions1_subject4,crouch->stand,115.90,116.07,0.17,0.72,0
multipleActions1_subject4,stand->crouch,117.30,117.43,0.13,0.79,0
multipleActions1_subject4,crouch->stand,118.37,118.50,0.13,0.72,0
multipleActions1_subject4,stand->crouch,119.90,120.07,0.17,0.77,0
multipleActions1_subject4,crouch->stand,121.00,121.17,0.17,0.67,0
multipleActions1_subject4,stand->crouch,122.80,122.97,0.17,0.80,0
multipleActions1_subject4,crouch->stand,123.70,123.83,0.13,0.65,0
multipleActions1_subject4,stand->crouch,125.20,125.33,0.13,0.74,0
multipleActions1_subject4,crouch->stand,126.00,126.13,0.13,0.52,0
obstacles1_subject1,stand->crouch,147.30,147.37,0.07,1.98,0
obstacles1_subject1,crouch->stand,147.63,147.77,0.13,1.46,0
obstacles2_subject1,stand->crouch,23.73,23.87,0.13,0.38,0
obstacles2_subject1,crouch->stand,24.17,24.90,0.73,0.67,1
obstacles2_subject1,stand->crouch,36.33,36.77,0.43,2.84,1
obstacles2_subject1,crouch->stand,37.07,37.17,0.10,0.54,0
obstacles2_subject1,stand->crouch,44.03,44.13,0.10,2.07,0
obstacles2_subject1,crouch->stand,44.47,44.57,0.10,0.37,0
obstacles2_subject1,stand->crouch,50.40,50.47,0.07,1.88,0
obstacles2_subject1,crouch->stand,50.77,50.87,0.10,0.39,0
obstacles2_subject1,stand->crouch,55.37,55.47,0.10,2.27,0
obstacles2_subject1,crouch->stand,55.93,56.03,0.10,0.21,0
obstacles2_subject1,stand->crouch,59.47,59.67,0.20,1.43,1
obstacles2_subject1,crouch->stand,60.00,60.23,0.23,0.38,1
obstacles2_subject1,stand->crouch,88.67,88.77,0.10,1.42,0
obstacles2_subject1,crouch->stand,89.03,89.17,0.13,0.37,0
obstacles2_subject1,stand->crouch,91.80,91.90,0.10,1.46,0
obstacles2_subject1,crouch->stand,92.20,92.30,0.10,0.30,0
obstacles2_subject1,stand->crouch,95.37,95.47,0.10,2.42,0
obstacles2_subject1,crouch->stand,95.87,95.97,0.10,0.32,0
obstacles2_subject1,stand->crouch,142.37,142.83,0.47,0.71,1
obstacles2_subject1,crouch->stand,143.10,143.23,0.13,0.14,0
obstacles2_subject1,stand->crouch,221.90,221.97,0.07,1.10,0
obstacles2_subject1,crouch->stand,222.50,222.57,0.07,0.62,0
obstacles2_subject2,stand->crouch,18.83,19.50,0.67,2.05,1
obstacles2_subject2,crouch->stand,19.87,20.03,0.17,0.54,0
obstacles2_subject2,stand->crouch,93.93,94.30,0.37,2.33,1
obstacles2_subject2,crouch->stand,94.63,95.77,1.13,0.80,1
obstacles2_subject2,stand->crouch,121.07,121.13,0.07,1.49,0
obstacles2_subject2,crouch->stand,121.47,121.87,0.40,0.36,1
obstacles2_subject2,stand->crouch,132.00,132.07,0.07,1.73,0
obstacles2_subject2,crouch->stand,132.43,132.53,0.10,0.21,0
obstacles2_subject2,stand->crouch,170.30,170.40,0.10,3.35,0
obstacles2_subject2,crouch->stand,170.80,171.23,0.43,2.07,1
obstacles2_subject2,stand->crouch,211.83,212.03,0.20,0.46,1
obstacles2_subject2,crouch->stand,219.07,219.37,0.30,0.24,1
obstacles3_subject3,stand->crouch,83.43,83.60,0.17,0.15,0
obstacles3_subject3,crouch->stand,87.13,87.33,0.20,0.11,1
obstacles3_subject3,stand->crouch,89.40,89.60,0.20,0.10,1
obstacles3_subject3,crouch->stand,92.63,92.77,0.13,0.12,0
obstacles3_subject4,stand->crouch,81.30,81.37,0.07,0.55,0
obstacles3_subject4,crouch->stand,81.70,81.83,0.13,0.17,0
obstacles4_subject3,crouch->stand,237.43,237.57,0.13,0.16,0
obstacles4_subject4,stand->crouch,53.13,53.77,0.63,0.90,1
obstacles4_subject4,stand->crouch,95.30,95.37,0.07,2.24,0
obstacles4_subject4,crouch->stand,95.83,95.97,0.13,0.94,0
obstacles4_subject4,stand->crouch,113.53,113.67,0.13,2.49,0
obstacles4_subject4,crouch->stand,114.07,114.33,0.27,0.95,1
obstacles4_subject4,stand->crouch,163.73,163.80,0.07,3.59,0
obstacles4_subject4,crouch->stand,164.07,164.53,0.47,0.34,1
obstacles4_subject4,stand->crouch,174.00,174.07,0.07,3.68,0
obstacles4_subject4,crouch->stand,174.40,175.40,1.00,0.43,1
obstacles4_subject4,stand->crouch,184.90,185.30,0.40,2.50,1
obstacles4_subject4,crouch->stand,185.70,186.27,0.57,1.40,1
obstacles4_subject4,stand->crouch,187.87,187.97,0.10,2.82,0
obstacles4_subject4,crouch->stand,188.57,188.77,0.20,0.71,1
obstacles4_subject4,stand->crouch,216.57,217.27,0.70,0.36,1
obstacles4_subject4,crouch->stand,217.63,217.77,0.13,0.59,0
obstacles4_subject4,stand->crouch,227.80,227.90,0.10,0.85,0
obstacles4_subject4,crouch->stand,228.17,228.43,0.27,0.49,1
obstacles4_subject4,stand->crouch,229.50,230.07,0.57,0.56,1
obstacles4_subject4,crouch->stand,230.67,230.77,0.10,0.91,0
obstacles5_subject2,crouch->stand,45.50,45.70,0.20,0.40,1
obstacles5_subject2,crouch->stand,104.83,105.03,0.20,0.44,1
obstacles5_subject2,stand->crouch,225.33,225.57,0.23,1.20,1
obstacles5_subject2,crouch->stand,225.90,226.07,0.17,1.33,0
obstacles5_subject2,stand->crouch,229.93,230.17,0.23,0.86,1
obstacles5_subject2,crouch->stand,230.60,230.93,0.33,0.65,1
obstacles5_subject2,stand->crouch,232.80,233.03,0.23,0.97,1
obstacles5_subject2,crouch->stand,235.53,235.83,0.30,0.64,1
obstacles5_subject2,stand->crouch,238.73,238.93,0.20,0.91,1
obstacles5_subject2,crouch->stand,243.93,244.23,0.30,0.46,1
obstacles5_subject4,stand->crouch,6.53,7.47,0.93,0.72,1
obstacles5_subject4,stand->crouch,75.87,77.33,1.47,0.56,0
obstacles5_subject4,crouch->stand,83.00,84.17,1.17,0.33,1
obstacles5_subject4,stand->crouch,87.97,88.30,0.33,0.19,1
obstacles5_subject4,crouch->stand,91.30,92.13,0.83,0.59,1
obstacles5_subject4,stand->crouch,134.23,134.90,0.67,1.95,1
obstacles5_subject4,crouch->stand,136.97,138.13,1.17,0.70,1
obstacles5_subject4,stand->crouch,146.83,147.57,0.73,0.95,1
obstacles5_subject4,stand->crouch,184.00,184.13,0.13,1.41,0
obstacles5_subject4,crouch->stand,184.43,184.97,0.53,0.53,1
obstacles5_subject4,stand->crouch,201.33,201.57,0.23,0.12,1
obstacles5_subject4,stand->crouch,210.30,210.73,0.43,1.50,1
obstacles5_subject4,crouch->stand,215.27,215.47,0.20,0.17,1
obstacles5_subject4,crouch->stand,243.00,243.17,0.17,0.16,0
obstacles6_subject1,stand->crouch,5.80,6.07,0.27,0.57,1
obstacles6_subject1,crouch->stand,21.63,22.57,0.93,0.27,1
obstacles6_subject1,crouch->stand,45.93,46.13,0.20,0.58,1
obstacles6_subject1,stand->crouch,51.07,51.27,0.20,0.82,1
obstacles6_subject1,crouch->stand,51.53,51.77,0.23,0.46,1
obstacles6_subject1,stand->crouch,94.63,94.83,0.20,0.91,1
obstacles6_subject1,crouch->stand,95.10,96.00,0.90,0.69,1
obstacles6_subject1,crouch->stand,104.60,105.57,0.97,0.86,1
obstacles6_subject1,stand->crouch,112.20,112.33,0.13,1.93,0
obstacles6_subject1,crouch->stand,112.83,113.27,0.43,0.96,1
obstacles6_subject1,stand->crouch,124.67,125.77,1.10,1.53,1
obstacles6_subject1,crouch->stand,126.13,126.63,0.50,1.48,1
obstacles6_subject1,stand->crouch,132.57,133.07,0.50,2.05,1
obstacles6_subject1,crouch->stand,134.20,135.70,1.50,0.68,0
obstacles6_subject1,stand->crouch,168.47,168.60,0.13,2.04,0
obstacles6_subject1,crouch->stand,168.93,169.73,0.80,0.58,1
obstacles6_subject1,stand->crouch,213.43,213.53,0.10,0.85,0
obstacles6_subject1,crouch->stand,214.07,214.23,0.17,0.16,0
obstacles6_subject1,stand->crouch,226.80,226.90,0.10,0.81,0
obstacles6_subject1,crouch->stand,227.17,227.33,0.17,0.32,0
obstacles6_subject4,crouch->stand,107.87,108.03,0.17,0.62,0
obstacles6_subject4,crouch->stand,147.73,148.70,0.97,0.33,1
obstacles6_subject4,crouch->stand,159.67,160.57,0.90,0.60,1
obstacles6_subject4,stand->crouch,166.33,166.43,0.10,0.53,0
obstacles6_subject4,crouch->stand,166.77,166.97,0.20,0.46,1
obstacles6_subject4,stand->crouch,209.67,211.17,1.50,0.45,0
obstacles6_subject4,stand->crouch,236.77,236.83,0.07,0.87,0
obstacles6_subject4,crouch->stand,237.57,237.83,0.27,0.49,1
obstacles6_subject4,crouch->stand,249.63,249.77,0.13,0.74,0
obstacles6_subject5,stand->crouch,26.80,27.27,0.47,0.61,1
obstacles6_subject5,crouch->stand,27.73,28.43,0.70,0.35,1
obstacles6_subject5,stand->crouch,32.50,32.67,0.17,1.05,0
obstacles6_subject5,crouch->stand,32.97,34.27,1.30,0.85,0
obstacles6_subject5,stand->crouch,35.40,35.70,0.30,0.89,1
obstacles6_subject5,stand->crouch,86.33,86.43,0.10,0.80,0
obstacles6_subject5,crouch->stand,87.40,87.90,0.50,1.05,1
obstacles6_subject5,stand->crouch,115.90,116.20,0.30,0.62,1
obstacles6_subject5,crouch->stand,116.50,117.17,0.67,0.48,1
