clip,takeoff_s,landing_s,air_s,takeoff_speed_mps,hip_rise_m
jumps1_subject1,7.07,7.33,0.27,1.45,0.25
jumps1_subject1,7.70,8.00,0.30,1.62,0.26
jumps1_subject1,8.37,8.73,0.37,1.83,0.24
jumps1_subject1,9.07,9.40,0.33,1.71,0.23
jumps1_subject1,9.80,10.17,0.37,1.62,0.22
jumps1_subject1,10.57,10.80,0.23,0.79,0.17
jumps1_subject1,12.23,12.57,0.33,1.27,0.25
jumps1_subject1,12.90,13.23,0.33,1.78,0.21
jumps1_subject1,13.57,13.93,0.37,1.76,0.22
jumps1_subject1,14.27,14.63,0.37,1.69,0.22
jumps1_subject1,14.97,15.27,0.30,1.71,0.18
jumps1_subject1,16.63,16.93,0.30,1.32,0.24
jumps1_subject1,17.27,17.60,0.33,1.64,0.21
jumps1_subject1,17.97,18.27,0.30,1.45,0.17
jumps1_subject1,19.80,20.00,0.20,1.33,0.16
jumps1_subject1,20.37,20.67,0.30,1.43,0.21
jumps1_subject1,21.00,21.27,0.27,1.47,0.20
jumps1_subject1,21.63,21.83,0.20,1.46,0.15
jumps1_subject1,22.20,22.43,0.23,1.58,0.19
jumps1_subject1,22.83,23.03,0.20,1.02,0.11
jumps1_subject1,25.43,25.67,0.23,0.90,0.19
jumps1_subject1,26.00,26.27,0.27,1.40,0.22
jumps1_subject1,26.63,26.93,0.30,1.80,0.24
jumps1_subject1,27.30,27.47,0.17,1.98,0.09
jumps1_subject1,27.87,28.17,0.30,1.59,0.13
jumps1_subject1,29.00,29.20,0.20,0.75,0.12
jumps1_subject1,31.17,31.37,0.20,1.37,0.15
jumps1_subject1,31.73,31.97,0.23,1.68,0.17
jumps1_subject1,32.37,32.57,0.20,1.38,0.13
jumps1_subject1,32.93,33.20,0.27,1.77,0.14
jumps1_subject1,33.53,33.83,0.30,1.99,0.21
jumps1_subject1,34.20,34.47,0.27,1.84,0.11
jumps1_subject1,38.93,39.10,0.17,0.93,0.13
jumps1_subject1,39.47,39.77,0.30,1.21,0.22
jumps1_subject1,40.10,40.30,0.20,1.23,0.14
jumps1_subject1,40.67,40.93,0.27,1.25,0.19
jumps1_subject1,41.30,41.53,0.23,0.83,0.18
jumps1_subject1,42.43,42.60,0.17,0.70,0.09
jumps1_subject1,43.00,43.20,0.20,1.24,0.14
jumps1_subject1,43.57,43.73,0.17,1.49,0.19
jumps1_subject1,44.17,44.33,0.17,1.52,0.13
jumps1_subject1,45.30,45.60,0.30,1.22,0.22
jumps1_subject1,45.93,46.20,0.27,1.65,0.19
jumps1_subject1,46.53,46.87,0.33,1.79,0.21
jumps1_subject1,47.23,47.47,0.23,1.44,0.12
jumps1_subject1,50.30,50.63,0.33,1.54,0.19
jumps1_subject1,51.10,51.50,0.40,2.28,0.26
jumps1_subject1,51.90,52.27,0.37,1.93,0.23
jumps1_subject1,54.10,54.47,0.37,1.57,0.24
jumps1_subject1,54.87,55.23,0.37,1.91,0.24
jumps1_subject1,55.63,55.97,0.33,1.53,0.23
jumps1_subject1,56.47,56.77,0.30,1.66,0.16
jumps1_subject1,57.17,57.50,0.33,1.77,0.20
jumps1_subject1,57.90,58.30,0.40,1.72,0.24
jumps1_subject1,58.97,59.20,0.23,0.52,0.17
jumps1_subject1,59.70,60.03,0.33,1.84,0.18
jumps1_subject1,60.43,60.80,0.37,2.14,0.21
jumps1_subject1,61.17,61.57,0.40,2.20,0.23
jumps1_subject1,67.17,67.47,0.30,1.43,0.18
jumps1_subject1,67.80,68.10,0.30,1.75,0.16
jumps1_subject1,68.50,68.77,0.27,1.56,0.11
jumps1_subject1,72.93,73.10,0.17,1.05,0.11
jumps1_subject1,73.93,74.17,0.23,1.33,0.12
jumps1_subject1,75.03,75.20,0.17,0.56,0.09
jumps1_subject1,76.10,76.27,0.17,0.89,0.13
jumps1_subject1,77.17,77.33,0.17,1.30,0.06
jumps1_subject1,77.67,77.83,0.17,1.09,0.14
jumps1_subject1,78.73,78.90,0.17,1.01,0.15
jumps1_subject1,91.53,91.77,0.23,1.25,0.16
jumps1_subject1,92.13,92.47,0.33,1.24,0.17
jumps1_subject1,93.27,93.43,0.17,1.00,0.04
jumps1_subject1,99.93,100.13,0.20,1.64,0.07
jumps1_subject1,110.53,110.70,0.17,1.52,0.05
jumps1_subject1,123.50,123.70,0.20,1.49,0.07
jumps1_subject1,207.97,208.30,0.33,2.49,0.25
jumps1_subject1,211.90,212.23,0.33,2.49,0.22
jumps1_subject1,216.13,216.50,0.37,2.04,0.24
jumps1_subject1,219.53,219.87,0.33,2.66,0.22
jumps1_subject1,224.00,224.37,0.37,2.99,0.31
jumps1_subject1,229.33,229.70,0.37,2.78,0.22
jumps1_subject1,235.10,235.43,0.33,3.04,0.33
jumps1_subject2,36.97,37.13,0.17,2.22,0.07
jumps1_subject2,105.73,105.97,0.23,1.76,0.17
jumps1_subject2,106.33,106.57,0.23,2.05,0.12
jumps1_subject2,106.90,107.20,0.30,2.13,0.20
jumps1_subject2,108.17,108.37,0.20,1.34,0.12
jumps1_subject2,108.73,108.93,0.20,1.98,0.11
jumps1_subject2,109.30,109.47,0.17,2.00,0.04
jumps1_subject2,110.77,110.93,0.17,1.50,0.07
jumps1_subject2,111.23,111.43,0.20,1.46,0.11
jumps1_subject2,112.77,112.97,0.20,1.77,0.14
jumps1_subject2,113.27,113.47,0.20,2.07,0.09
jumps1_subject2,113.80,113.97,0.17,1.70,0.08
jumps1_subject2,115.33,115.50,0.17,1.87,0.07
jumps1_subject2,115.87,116.03,0.17,1.64,0.02
jumps1_subject2,117.50,117.67,0.17,2.41,0.04
jumps1_subject2,119.53,119.80,0.27,2.14,0.08
jumps1_subject2,121.57,121.73,0.17,1.08,0.08
jumps1_subject2,123.03,123.23,0.20,2.02,0.13
jumps1_subject2,123.57,123.77,0.20,1.89,0.12
jumps1_subject2,124.57,124.73,0.17,1.76,0.11
jumps1_subject2,125.57,125.73,0.17,2.00,0.07
jumps1_subject2,127.07,127.23,0.17,2.00,0.11
jumps1_subject2,216.20,217.07,0.87,0.07,0.10
jumps1_subject2,217.20,217.53,0.33,0.05,-0.00
jumps1_subject2,217.83,218.03,0.20,0.02,0.01
jumps1_subject2,218.70,218.87,0.17,0.07,-0.01
jumps1_subject2,219.40,220.03,0.63,0.08,0.04
jumps1_subject2,220.10,220.37,0.27,0.05,-0.01
jumps1_subject2,220.97,221.20,0.23,0.06,0.03
jumps1_subject2,221.37,221.73,0.37,0.19,0.03
jumps1_subject2,221.87,222.87,1.00,0.09,-0.00
jumps1_subject2,224.27,225.00,0.73,0.33,-0.01
jumps1_subject2,238.20,239.13,0.93,0.09,0.27
jumps1_subject2,239.27,240.20,0.93,0.15,0.01
jumps1_subject5,11.87,12.03,0.17,1.69,0.09
jumps1_subject5,116.40,116.57,0.17,1.02,0.11
jumps1_subject5,116.87,117.03,0.17,1.33,0.13
jumps1_subject5,130.53,130.73,0.20,1.71,0.13
jumps1_subject5,133.67,133.87,0.20,1.14,0.18
jumps1_subject5,204.90,205.07,0.17,2.28,0.17
jumps1_subject5,207.10,207.33,0.23,1.84,0.11
jumps1_subject5,207.67,207.97,0.30,2.39,0.22
jumps1_subject5,208.33,208.50,0.17,2.74,0.19
jumps1_subject5,208.90,209.13,0.23,2.65,0.20
multipleActions1_subject1,108.43,108.87,0.43,3.29,0.34
multipleActions1_subject1,114.37,114.80,0.43,3.03,0.32
multipleActions1_subject1,119.93,120.40,0.47,3.28,0.35
multipleActions1_subject1,125.60,126.07,0.47,3.09,0.39
multipleActions1_subject1,132.07,132.57,0.50,3.48,0.43
multipleActions1_subject1,144.87,145.37,0.50,3.00,0.44
multipleActions1_subject2,18.53,18.70,0.17,0.16,-0.01
multipleActions1_subject2,18.77,18.93,0.17,0.13,0.01
multipleActions1_subject3,65.10,65.30,0.20,2.46,0.21
multipleActions1_subject4,57.00,57.37,0.37,0.25,0.03
multipleActions1_subject4,141.77,141.93,0.17,3.32,0.04
multipleActions1_subject4,142.33,142.60,0.27,3.32,0.12
multipleActions1_subject4,142.93,143.17,0.23,3.29,0.07
multipleActions1_subject4,146.97,147.13,0.17,1.24,0.12
obstacles1_subject1,23.20,23.37,0.17,1.12,0.16
obstacles1_subject1,35.07,35.50,0.43,0.91,0.62
obstacles1_subject1,40.53,40.73,0.20,0.83,0.01
obstacles1_subject1,49.57,50.13,0.57,1.54,0.90
obstacles1_subject1,54.70,55.07,0.37,0.49,0.06
obstacles1_subject1,64.27,64.50,0.23,2.01,0.34
obstacles1_subject1,65.07,65.40,0.33,2.45,0.07
obstacles1_subject1,122.53,122.77,0.23,0.77,0.01
obstacles1_subject1,127.37,127.57,0.20,0.79,-0.01
obstacles1_subject1,133.07,133.23,0.17,1.38,-0.06
obstacles1_subject1,140.97,141.17,0.20,2.08,0.26
obstacles1_subject1,141.47,141.80,0.33,2.40,0.09
obstacles1_subject1,146.30,146.50,0.20,2.21,0.25
obstacles1_subject1,146.77,147.23,0.47,2.37,0.21
obstacles1_subject2,12.63,12.80,0.17,1.74,0.06
obstacles1_subject2,13.03,13.20,0.17,1.82,-0.03
obstacles1_subject2,63.87,64.03,0.17,1.71,0.10
obstacles1_subject2,69.87,70.87,1.00,1.25,0.03
obstacles1_subject2,73.70,74.00,0.30,0.89,-0.03
obstacles1_subject2,81.23,81.57,0.33,0.43,0.02
obstacles1_subject2,85.27,85.53,0.27,1.03,0.32
obstacles1_subject2,85.63,85.80,0.17,1.09,0.10
obstacles1_subject2,87.23,87.57,0.33,1.79,-0.04
obstacles1_subject2,94.67,94.87,0.20,1.21,0.40
obstacles1_subject2,96.50,96.77,0.27,1.27,-0.07
obstacles1_subject2,142.10,142.27,0.17,2.39,-0.01
obstacles1_subject2,149.00,149.20,0.20,2.00,0.27
obstacles1_subject2,150.77,150.97,0.20,1.81,-0.01
obstacles1_subject2,154.17,154.37,0.20,1.91,0.33
obstacles1_subject2,155.27,155.53,0.27,1.93,0.03
obstacles1_subject2,160.23,160.43,0.20,0.73,0.45
obstacles1_subject2,167.00,167.30,0.30,0.88,-0.07
obstacles1_subject2,172.27,172.50,0.23,1.02,0.29
obstacles1_subject2,173.40,173.63,0.23,1.26,-0.08
obstacles1_subject5,104.07,104.27,0.20,1.10,0.32
obstacles1_subject5,108.80,109.00,0.20,0.84,-0.10
obstacles2_subject1,43.80,44.07,0.27,2.17,0.11
obstacles2_subject1,49.93,50.40,0.47,2.15,0.33
obstacles2_subject1,54.93,55.40,0.47,2.22,0.30
obstacles2_subject1,57.73,57.90,0.17,2.32,0.07
obstacles2_subject1,58.43,58.70,0.27,2.63,0.11
obstacles2_subject1,59.27,59.47,0.20,2.04,0.09
obstacles2_subject1,88.43,88.67,0.23,1.80,0.11
obstacles2_subject1,91.57,91.83,0.27,2.02,0.11
obstacles2_subject1,95.10,95.40,0.30,2.57,0.14
obstacles2_subject1,99.67,100.07,0.40,2.27,0.20
obstacles2_subject1,141.83,142.40,0.57,1.73,0.41
obstacles2_subject1,209.60,210.27,0.67,1.67,0.41
obstacles2_subject1,216.87,217.27,0.40,1.38,0.56
obstacles2_subject1,221.20,221.87,0.67,1.37,0.45
obstacles2_subject2,17.30,17.50,0.20,2.32,0.07
obstacles2_subject2,19.27,19.43,0.17,2.61,0.05
obstacles2_subject2,29.67,29.83,0.17,2.57,0.09
obstacles2_subject2,36.00,36.17,0.17,3.00,0.05
obstacles2_subject2,39.13,39.47,0.33,3.40,0.18
obstacles2_subject2,48.33,48.53,0.20,2.22,0.05
obstacles2_subject2,68.63,69.00,0.37,1.43,0.08
obstacles2_subject2,74.47,74.63,0.17,1.56,-0.06
obstacles2_subject2,90.97,91.27,0.30,1.76,0.08
obstacles2_subject2,96.90,97.07,0.17,2.06,0.08
obstacles2_subject2,120.63,121.03,0.40,2.20,0.08
obstacles2_subject2,125.27,125.43,0.17,1.85,0.05
obstacles2_subject2,131.60,131.97,0.37,2.08,0.06
obstacles2_subject2,134.97,135.30,0.33,1.50,0.20
obstacles2_subject2,164.90,165.07,0.17,3.18,0.07
obstacles2_subject2,169.80,170.30,0.50,4.24,0.35
obstacles2_subject2,222.53,222.80,0.27,0.82,-0.02
obstacles2_subject2,223.07,223.67,0.60,0.04,0.08
obstacles2_subject2,227.90,228.07,0.17,1.79,0.39
obstacles2_subject2,228.70,229.00,0.30,2.12,-0.01
obstacles2_subject2,234.53,234.80,0.27,1.52,-0.07
obstacles2_subject5,19.73,19.93,0.20,1.97,0.00
obstacles2_subject5,25.80,26.00,0.20,1.64,0.03
obstacles2_subject5,31.33,31.60,0.27,1.29,0.41
obstacles2_subject5,33.60,33.90,0.30,1.21,-0.02
obstacles2_subject5,38.87,39.03,0.17,1.77,-0.03
obstacles2_subject5,70.13,70.30,0.17,1.88,0.09
obstacles2_subject5,84.70,84.87,0.17,2.18,0.00
obstacles2_subject5,91.97,92.13,0.17,2.78,0.06
obstacles2_subject5,108.90,109.07,0.17,1.80,0.05
obstacles2_subject5,143.23,143.43,0.20,2.77,0.07
obstacles2_subject5,185.87,186.03,0.17,1.49,-0.02
obstacles3_subject3,96.73,96.90,0.17,2.22,0.09
obstacles3_subject3,97.17,97.40,0.23,2.27,0.12
obstacles3_subject3,97.63,97.90,0.27,2.20,0.11
obstacles3_subject3,98.27,98.57,0.30,2.15,0.19
obstacles3_subject3,111.63,111.80,0.17,1.59,0.12
obstacles3_subject3,112.20,112.37,0.17,1.92,0.10
obstacles3_subject3,112.73,112.90,0.17,1.77,0.11
obstacles3_subject3,113.27,113.43,0.17,1.70,0.10
obstacles3_subject3,113.80,113.97,0.17,1.50,0.11
obstacles3_subject4,6.97,7.13,0.17,1.72,0.28
obstacles3_subject4,8.47,8.63,0.17,1.59,-0.03
obstacles3_subject4,49.70,49.87,0.17,2.51,-0.02
obstacles3_subject4,59.80,59.97,0.17,2.13,0.02
obstacles3_subject4,60.67,60.83,0.17,2.28,-0.00
obstacles3_subject4,80.93,81.23,0.30,0.86,0.04
obstacles3_subject4,88.87,89.03,0.17,2.63,0.08
obstacles3_subject4,113.27,113.50,0.23,1.22,0.46
obstacles3_subject4,117.33,117.63,0.30,0.94,-0.04
obstacles3_subject4,125.53,125.90,0.37,0.77,0.62
obstacles4_subject2,63.17,63.33,0.17,1.20,-0.02
obstacles4_subject2,69.17,69.37,0.20,1.42,-0.04
obstacles4_subject2,238.70,239.07,0.37,1.05,0.33
obstacles4_subject3,26.87,27.03,0.17,1.44,0.11
obstacles4_subject3,27.40,27.57,0.17,1.60,0.14
obstacles4_subject3,27.93,28.13,0.20,1.81,0.12
obstacles4_subject3,28.43,28.67,0.23,1.58,0.17
obstacles4_subject3,29.00,29.17,0.17,1.72,0.10
obstacles4_subject3,29.53,29.73,0.20,1.34,0.13
obstacles4_subject3,30.07,30.23,0.17,1.53,0.11
obstacles4_subject3,36.47,36.63,0.17,1.36,0.29
obstacles4_subject3,41.67,41.93,0.27,0.77,-0.00
obstacles4_subject3,52.53,52.83,0.30,0.97,-0.01
obstacles4_subject3,67.70,68.00,0.30,0.78,0.05
obstacles4_subject3,81.10,81.37,0.27,1.27,0.00
obstacles4_subject3,85.63,85.80,0.17,2.27,0.13
obstacles4_subject3,86.47,86.70,0.23,2.66,0.12
obstacles4_subject3,86.90,87.20,0.30,3.11,0.08
obstacles4_subject3,87.40,87.63,0.23,2.74,0.10
obstacles4_subject3,93.23,93.53,0.30,0.53,0.28
obstacles4_subject3,93.80,94.07,0.27,0.35,0.15
obstacles4_subject3,94.43,94.67,0.23,0.34,0.15
obstacles4_subject3,94.97,95.23,0.27,0.39,0.17
obstacles4_subject3,95.57,95.83,0.27,0.59,0.24
obstacles4_subject3,96.03,96.33,0.30,0.73,0.21
obstacles4_subject3,99.10,99.30,0.20,0.66,0.16
obstacles4_subject3,99.67,99.97,0.30,0.29,0.20
obstacles4_subject3,100.33,100.57,0.23,0.31,0.18
obstacles4_subject3,100.83,101.13,0.30,0.33,0.21
obstacles4_subject3,101.47,101.73,0.27,0.27,0.19
obstacles4_subject3,101.93,102.20,0.27,0.50,0.19
obstacles4_subject3,103.63,103.83,0.20,0.60,0.16
obstacles4_subject3,104.10,104.40,0.30,0.32,0.19
obstacles4_subject3,104.70,105.00,0.30,0.37,0.25
obstacles4_subject3,105.23,105.47,0.23,0.28,0.15
obstacles4_subject3,105.87,106.10,0.23,0.22,0.21
obstacles4_subject3,106.27,106.47,0.20,0.69,0.10
obstacles4_subject3,155.63,156.00,0.37,1.05,-0.02
obstacles4_subject3,160.60,160.77,0.17,1.15,0.16
obstacles4_subject3,167.47,168.00,0.53,1.06,0.11
obstacles4_subject3,190.63,191.10,0.47,0.85,0.36
obstacles4_subject3,195.90,196.40,0.50,0.74,0.41
obstacles4_subject3,200.27,200.57,0.30,1.25,0.51
obstacles4_subject3,201.67,201.83,0.17,0.62,0.05
obstacles4_subject3,202.47,202.70,0.23,0.53,0.03
obstacles4_subject3,203.63,203.87,0.23,0.59,0.05
obstacles4_subject3,204.60,204.80,0.20,0.36,0.07
obstacles4_subject3,205.50,205.67,0.17,1.27,-0.06
obstacles4_subject3,208.77,209.10,0.33,1.13,0.50
obstacles4_subject3,209.63,209.93,0.30,0.89,0.11
obstacles4_subject3,213.10,213.47,0.37,0.83,0.01
obstacles4_subject4,21.13,21.33,0.20,2.12,0.06
obstacles4_subject4,21.77,22.07,0.30,2.64,0.09
obstacles4_subject4,49.87,50.03,0.17,2.35,0.09
obstacles4_subject4,84.20,84.40,0.20,2.37,0.06
obstacles4_subject4,84.73,85.03,0.30,2.83,0.11
obstacles4_subject4,94.83,95.27,0.43,2.57,0.10
obstacles4_subject4,112.83,113.23,0.40,1.18,0.05
obstacles4_subject4,134.57,134.77,0.20,2.50,0.08
obstacles4_subject4,144.23,144.40,0.17,2.97,0.05
obstacles4_subject4,146.77,147.00,0.23,2.66,0.08
obstacles4_subject4,150.83,151.03,0.20,2.81,0.06
obstacles4_subject4,163.43,163.80,0.37,3.91,0.16
obstacles4_subject4,173.57,174.03,0.47,3.75,0.26
obstacles4_subject4,184.30,184.63,0.33,3.70,0.20
obstacles4_subject4,187.47,187.87,0.40,3.61,0.22
obstacles4_subject4,198.70,198.87,0.17,2.04,0.08
obstacles4_subject4,199.17,199.37,0.20,2.60,0.09
obstacles4_subject4,206.40,206.60,0.20,1.87,-0.03
obstacles4_subject4,227.40,227.77,0.37,1.68,0.11
obstacles4_subject4,239.10,239.43,0.33,2.68,0.17
obstacles5_subject2,16.70,16.90,0.20,0.46,0.01
obstacles5_subject2,55.10,55.43,0.33,0.41,0.01
obstacles5_subject2,106.47,106.90,0.43,1.20,0.02
obstacles5_subject2,107.20,107.40,0.20,0.08,-0.00
obstacles5_subject2,107.93,108.90,0.97,0.08,0.09
obstacles5_subject2,199.60,199.77,0.17,1.99,-0.02
obstacles5_subject2,232.83,233.40,0.57,0.89,-0.04
obstacles5_subject3,52.90,53.23,0.33,0.19,0.32
obstacles5_subject3,59.10,59.37,0.27,1.29,0.22
obstacles5_subject3,84.30,84.50,0.20,1.72,-0.05
obstacles5_subject3,87.80,87.97,0.17,2.86,0.14
obstacles5_subject3,88.23,88.40,0.17,2.01,0.28
obstacles5_subject3,90.23,90.43,0.20,0.69,0.04
obstacles5_subject3,90.60,90.90,0.30,1.41,0.04
obstacles5_subject3,94.07,94.23,0.17,2.26,0.22
obstacles5_subject3,100.97,101.20,0.23,1.65,0.03
obstacles5_subject3,101.40,101.67,0.27,1.89,-0.00
obstacles5_subject3,116.33,116.50,0.17,4.16,0.08
obstacles5_subject3,120.10,120.27,0.17,3.52,0.04
obstacles5_subject3,125.67,125.90,0.23,2.99,0.09
obstacles5_subject3,126.50,126.67,0.17,3.61,0.08
obstacles5_subject3,131.77,132.03,0.27,3.35,0.20
obstacles5_subject3,139.73,139.90,0.17,2.16,0.07
obstacles5_subject3,141.57,141.73,0.17,2.11,0.06
obstacles5_subject3,149.60,149.80,0.20,2.23,0.12
obstacles5_subject3,152.23,152.47,0.23,2.23,0.13
obstacles5_subject3,156.57,156.80,0.23,3.86,0.11
obstacles5_subject3,157.37,157.53,0.17,4.08,0.07
obstacles5_subject3,162.00,162.23,0.23,3.27,0.09
obstacles5_subject3,162.90,163.07,0.17,3.23,0.07
obstacles5_subject3,180.40,180.80,0.40,1.34,0.02
obstacles5_subject3,233.60,234.00,0.40,1.57,0.64
obstacles5_subject3,235.17,235.40,0.23,0.60,0.16
obstacles5_subject3,236.63,236.87,0.23,0.41,0.16
obstacles5_subject3,239.27,239.83,0.57,1.01,0.05
obstacles5_subject3,242.70,243.03,0.33,1.35,0.66
obstacles5_subject3,244.73,245.10,0.37,1.44,-0.01
obstacles6_subject1,22.67,22.97,0.30,0.46,0.63
obstacles6_subject1,41.40,42.07,0.67,1.12,0.23
obstacles6_subject1,56.10,56.27,0.17,1.62,0.06
obstacles6_subject1,98.57,98.93,0.37,1.68,0.24
obstacles6_subject1,102.03,102.33,0.30,1.51,0.03
obstacles6_subject1,110.30,110.50,0.20,2.25,0.06
obstacles6_subject1,110.90,111.07,0.17,2.12,0.05
obstacles6_subject1,111.47,111.63,0.17,2.21,0.07
obstacles6_subject1,112.03,112.23,0.20,2.12,0.06
obstacles6_subject1,175.20,175.47,0.27,1.66,0.51
obstacles6_subject1,179.47,179.97,0.50,0.95,0.07
obstacles6_subject1,187.33,187.80,0.47,1.42,0.58
obstacles6_subject1,193.27,193.90,0.63,0.71,0.17
obstacles6_subject1,196.77,197.00,0.23,1.20,0.49
obstacles6_subject1,205.73,206.33,0.60,1.08,0.11
obstacles6_subject1,211.53,211.77,0.23,0.19,0.14
obstacles6_subject1,211.90,212.20,0.30,0.68,-0.01
obstacles6_subject1,212.97,213.47,0.50,0.05,0.07
obstacles6_subject1,216.90,217.13,0.23,0.28,0.11
obstacles6_subject1,217.33,217.53,0.20,0.64,-0.01
obstacles6_subject1,219.20,219.40,0.20,0.02,0.08
obstacles6_subject1,219.50,219.73,0.23,0.79,-0.00
obstacles6_subject1,223.73,224.23,0.50,0.21,0.16
obstacles6_subject1,226.17,226.80,0.63,0.02,0.07
obstacles6_subject4,114.70,114.90,0.20,1.42,0.02
obstacles6_subject4,160.80,161.07,0.27,0.37,0.44
obstacles6_subject4,166.07,166.27,0.20,1.00,-0.08
obstacles6_subject4,219.50,219.70,0.20,0.05,0.02
obstacles6_subject4,219.97,220.30,0.33,0.07,0.02
obstacles6_subject4,223.00,223.67,0.67,0.08,-0.00
obstacles6_subject4,224.53,224.77,0.23,0.36,0.01
obstacles6_subject4,233.73,233.90,0.17,0.06,0.00
obstacles6_subject4,233.93,234.17,0.23,0.09,-0.01
obstacles6_subject4,235.73,236.07,0.33,0.06,0.02
obstacles6_subject4,236.57,236.73,0.17,0.83,0.04
obstacles6_subject4,245.27,245.43,0.17,1.97,0.10
obstacles6_subject5,85.93,86.23,0.30,1.33,-0.07
